Height_Category,mean,min,max
Short,111.25,97.9,127.19
Medium,126.17778481012658,98.64,153.03
Tall,137.36875,121.12,158.96
